"scope","coverage_threshold","regional_plans","measurement_target","measurement_target_ja","spearman_rho","p_value","p_bonferroni"
"all_indicators","bus500_rail1000",43,"human_social_state","人間・社会の状態",0.0970719503978845,0.535750707095882,1
"all_indicators","bus500_rail1000",43,"accessibility_activity_opportunity","活動・機会へのアクセス",-0.346748936592991,0.0227284758820796,0.159099331174557
"all_indicators","bus500_rail1000",43,"user_behavior_perception","利用者の行動・認識",-0.310331589863541,0.0428341147482874,0.299838803238012
"all_indicators","bus500_rail1000",43,"transport_service_state","交通サービスの状態",0.213685493800932,0.168855258730507,1
"all_indicators","bus500_rail1000",43,"implementation_progress","施策の実施進捗",0.0228459470791078,0.884383008131672,1
"all_indicators","bus500_rail1000",43,"finance_resource_capacity","財務・資源・実施能力",0.148742496793809,0.341128410040906,1
"all_indicators","bus500_rail1000",43,"external_condition","外部条件",0.154012345551179,0.32410058060486,1
"all_indicators","bus300_rail800",43,"human_social_state","人間・社会の状態",0.141253494561473,0.366256010934865,1
"all_indicators","bus300_rail800",43,"accessibility_activity_opportunity","活動・機会へのアクセス",-0.338473305648051,0.0264120162574199,0.184884113801939
"all_indicators","bus300_rail800",43,"user_behavior_perception","利用者の行動・認識",-0.263089113143646,0.088282476751852,0.617977337262964
"all_indicators","bus300_rail800",43,"transport_service_state","交通サービスの状態",0.17851609584986,0.252067137382858,1
"all_indicators","bus300_rail800",43,"implementation_progress","施策の実施進捗",0.061607048303212,0.694723273292168,1
"all_indicators","bus300_rail800",43,"finance_resource_capacity","財務・資源・実施能力",0.121581481356893,0.437360672723369,1
"all_indicators","bus300_rail800",43,"external_condition","外部条件",0.220531296353439,0.155295881781151,1
"nonstandard_indicators","bus500_rail1000",37,"human_social_state","人間・社会の状態",0.156381076027915,0.355338223445792,1
"nonstandard_indicators","bus500_rail1000",37,"accessibility_activity_opportunity","活動・機会へのアクセス",-0.368968290762082,0.0246229103509718,0.172360372456803
"nonstandard_indicators","bus500_rail1000",37,"user_behavior_perception","利用者の行動・認識",-0.455291263972558,0.00463308593212582,0.0324316015248807
"nonstandard_indicators","bus500_rail1000",37,"transport_service_state","交通サービスの状態",0.283679075154988,0.0888528351305204,0.621969845913643
"nonstandard_indicators","bus500_rail1000",37,"implementation_progress","施策の実施進捗",0.0841525171398325,0.620465520470615,1
"nonstandard_indicators","bus500_rail1000",37,"finance_resource_capacity","財務・資源・実施能力",0.415562957210072,0.010531804956681,0.0737226346967668
"nonstandard_indicators","bus500_rail1000",37,"external_condition","外部条件",0.183008810636046,0.278284954826831,1
"all_excluding_population_coverage","bus500_rail1000",43,"human_social_state","人間・社会の状態",0.0954717349966204,0.542527197033625,1
"all_excluding_population_coverage","bus500_rail1000",43,"accessibility_activity_opportunity","活動・機会へのアクセス",-0.346748936592991,0.0227284758820796,0.159099331174557
"all_excluding_population_coverage","bus500_rail1000",43,"user_behavior_perception","利用者の行動・認識",-0.291725725976108,0.0576800122334636,0.403760085634245
"all_excluding_population_coverage","bus500_rail1000",43,"transport_service_state","交通サービスの状態",0.202305367457565,0.193253501793128,1
"all_excluding_population_coverage","bus500_rail1000",43,"implementation_progress","施策の実施進捗",0.0240520260089066,0.878324007768649,1
"all_excluding_population_coverage","bus500_rail1000",43,"finance_resource_capacity","財務・資源・実施能力",0.15390470376628,0.324442962783875,1
"all_excluding_population_coverage","bus500_rail1000",43,"external_condition","外部条件",0.154012345551179,0.32410058060486,1
"nonstandard_excluding_population_coverage","bus500_rail1000",37,"human_social_state","人間・社会の状態",0.152186693649176,0.368548205636608,1
"nonstandard_excluding_population_coverage","bus500_rail1000",37,"accessibility_activity_opportunity","活動・機会へのアクセス",-0.368968290762082,0.0246229103509718,0.172360372456803
"nonstandard_excluding_population_coverage","bus500_rail1000",37,"user_behavior_perception","利用者の行動・認識",-0.436546648780403,0.00690731080986789,0.0483511756690752
"nonstandard_excluding_population_coverage","bus500_rail1000",37,"transport_service_state","交通サービスの状態",0.269650887678664,0.106531309898801,0.74571916929161
"nonstandard_excluding_population_coverage","bus500_rail1000",37,"implementation_progress","施策の実施進捗",0.0838998977102471,0.621518853771587,1
"nonstandard_excluding_population_coverage","bus500_rail1000",37,"finance_resource_capacity","財務・資源・実施能力",0.41402583225183,0.0108514151917451,0.0759599063422154
"nonstandard_excluding_population_coverage","bus500_rail1000",37,"external_condition","外部条件",0.183008810636046,0.278284954826831,1
"nonoverlapping_all_indicators","bus500_rail1000",30,"human_social_state","人間・社会の状態",0.0824739137863785,0.664816418161791,1
"nonoverlapping_all_indicators","bus500_rail1000",30,"accessibility_activity_opportunity","活動・機会へのアクセス",-0.400658731536505,0.0282284755116954,0.197599328581867
"nonoverlapping_all_indicators","bus500_rail1000",30,"user_behavior_perception","利用者の行動・認識",-0.305700799264711,0.10041518981527,0.702906328706889
"nonoverlapping_all_indicators","bus500_rail1000",30,"transport_service_state","交通サービスの状態",0.151368837290602,0.42459835219933,1
"nonoverlapping_all_indicators","bus500_rail1000",30,"implementation_progress","施策の実施進捗",-0.181510192676624,0.337088405858109,1
"nonoverlapping_all_indicators","bus500_rail1000",30,"finance_resource_capacity","財務・資源・実施能力",0.27562422117514,0.140417696279894,0.982923873959258
"nonoverlapping_all_indicators","bus500_rail1000",30,"external_condition","外部条件",0.00102864886145444,0.995695651472626,1
"nonoverlapping_nonstandard_indicators","bus500_rail1000",26,"human_social_state","人間・社会の状態",0.196919302182809,0.334946521145496,1
"nonoverlapping_nonstandard_indicators","bus500_rail1000",26,"accessibility_activity_opportunity","活動・機会へのアクセス",-0.422311749392808,0.0316210060746096,0.221347042522268
"nonoverlapping_nonstandard_indicators","bus500_rail1000",26,"user_behavior_perception","利用者の行動・認識",-0.442662188087078,0.0235382736781815,0.16476791574727
"nonoverlapping_nonstandard_indicators","bus500_rail1000",26,"transport_service_state","交通サービスの状態",0.383466470129007,0.0531378179133939,0.371964725393758
"nonoverlapping_nonstandard_indicators","bus500_rail1000",26,"implementation_progress","施策の実施進捗",-0.0141432130563468,0.945329541686203,1
"nonoverlapping_nonstandard_indicators","bus500_rail1000",26,"finance_resource_capacity","財務・資源・実施能力",0.450289734532108,0.0209799951663725,0.146859966164608
"nonoverlapping_nonstandard_indicators","bus500_rail1000",26,"external_condition","外部条件",0.00147920052326728,0.994278015786179,1
